{
  "10.1016/j.energy.2024.130432": 4,
  "10.1016/j.energy.2023.128128": 7
}