{
  "10.1016/j.energy.2024.130432": 5,
  "10.1016/j.energy.2023.128128": 9,
  "10.1016/j.jtice.2023.105252": 8,
  "10.1021/acsomega.4c05009": 1,
  "10.1016/j.frl.2025.107196": 0,
  "10.3390/en18040790": 1
}